<?xml version="1.0" encoding="utf-8"?>
<extension type="plugin" version="2.5" method="upgrade" group="hikashoppayment">    
	<name>HikaShop OPay CVS payment plugin</name>
    <creationDate>18 January 2018</creationDate>
    <version>1.1.0118</version>
    <author>O'Pay Electronic Payment Co., Ltd.</author>
    <authorEmail>services@opay.tw</authorEmail>
    <authorUrl>https://www.opay.tw/</authorUrl>
    <copyright>Copyright © 2017 O'Pay Electronic Payment Co., Ltd. All rights reserved.</copyright>
	<license>http://www.gnu.org/licenses/gpl-2.0.html GNU/GPL</license>
	<description>This plugin enables you to setup your Hikashop for Joomla OPay payment system</description>
	<files>
		<filename plugin="opay_cvs">opay_cvs.php</filename>
		<filename>AllPay.Payment.Integration.php</filename>
		<filename>opay_cart_ext.php</filename>
		<filename>index.html</filename>
	</files>
	<params addpath="/components/com_hikashop/params">
		<param name="pluginoptions" type="pluginoptions" default="plugin" label="hikashop" description="HikaShop options" />
	</params>
	<config>
		<fields name="params" addfieldpath="/components/com_hikashop/fields">
			<fieldset name="basic">
				<field id="pluginoptions" name="pluginoptions" type="pluginoptions" label="hikashop" description="HikaShop options" />
			</fieldset>
		</fields>
	</config>
</extension>